[
  {
    "id": "7dac18f0-610d-4d50-9b9c-c1193d00f3d4",
    "data": [
      {
        "text": "привет привет",
        "userDefined": false
      }
    ],
    "isTemplate": false,
    "count": 0,
    "lang": "ru",
    "updated": 0
  },
  {
    "id": "b96ca723-49c5-4857-b377-823244b6c44d",
    "data": [
      {
        "text": "здравствуй",
        "userDefined": false
      }
    ],
    "isTemplate": false,
    "count": 0,
    "lang": "ru",
    "updated": 0
  },
  {
    "id": "5b9faafe-bb83-429c-9116-de3d57cfb763",
    "data": [
      {
        "text": "привет",
        "userDefined": false
      }
    ],
    "isTemplate": false,
    "count": 0,
    "lang": "ru",
    "updated": 0
  },
  {
    "id": "846cee9e-acbe-43b8-a06b-6108bcb1c048",
    "data": [
      {
        "text": "приветствую",
        "userDefined": false
      }
    ],
    "isTemplate": false,
    "count": 0,
    "lang": "ru",
    "updated": 0
  },
  {
    "id": "0105bfae-5201-4875-979b-80b66771b1f9",
    "data": [
      {
        "text": "всем привет",
        "userDefined": false
      }
    ],
    "isTemplate": false,
    "count": 0,
    "lang": "ru",
    "updated": 0
  },
  {
    "id": "4461dfbe-67e3-4e0c-bcc0-91211f177f1a",
    "data": [
      {
        "text": "хей",
        "userDefined": false
      }
    ],
    "isTemplate": false,
    "count": 0,
    "lang": "ru",
    "updated": 0
  },
  {
    "id": "fba9c76b-ab1e-4247-b828-3e8eccc458db",
    "data": [
      {
        "text": "чао",
        "userDefined": false
      }
    ],
    "isTemplate": false,
    "count": 0,
    "lang": "ru",
    "updated": 0
  },
  {
    "id": "5929105b-e3d4-4b71-8a89-89774fde0f75",
    "data": [
      {
        "text": "приветствую тебя",
        "userDefined": false
      }
    ],
    "isTemplate": false,
    "count": 0,
    "lang": "ru",
    "updated": 0
  },
  {
    "id": "1bc2437e-4202-4441-aedc-f01ad1279c3d",
    "data": [
      {
        "text": "приветик",
        "userDefined": false
      }
    ],
    "isTemplate": false,
    "count": 0,
    "lang": "ru",
    "updated": 0
  },
  {
    "id": "cc75e64a-1e1c-46ce-885d-67ed063fe542",
    "data": [
      {
        "text": "и снова здравствуйте",
        "userDefined": false
      }
    ],
    "isTemplate": false,
    "count": 0,
    "lang": "ru",
    "updated": 0
  },
  {
    "id": "432ef8c3-1236-45e6-b49b-fadf170c2126",
    "data": [
      {
        "text": "здравствуйте",
        "userDefined": false
      }
    ],
    "isTemplate": false,
    "count": 0,
    "lang": "ru",
    "updated": 0
  },
  {
    "id": "49503559-07f9-4bb7-ba8b-b633596ddaa3",
    "data": [
      {
        "text": "давно не виделись",
        "userDefined": false
      }
    ],
    "isTemplate": false,
    "count": 0,
    "lang": "ru",
    "updated": 0
  },
  {
    "id": "643028b2-3ff9-4050-8083-15e5a02e471e",
    "data": [
      {
        "text": "просто хотел поздороваться",
        "userDefined": false
      }
    ],
    "isTemplate": false,
    "count": 0,
    "lang": "ru",
    "updated": 0
  },
  {
    "id": "caee4673-207d-4215-990e-afbd09d4ad7a",
    "data": [
      {
        "text": "хотелось бы тебя поприветствовать",
        "userDefined": false
      }
    ],
    "isTemplate": false,
    "count": 0,
    "lang": "ru",
    "updated": 0
  },
  {
    "id": "5aa94516-ba37-406f-b6c9-d1c815cef735",
    "data": [
      {
        "text": "хочу сказать тебе привет",
        "userDefined": false
      }
    ],
    "isTemplate": false,
    "count": 0,
    "lang": "ru",
    "updated": 0
  }
]